{"tiltUpper": 9.718773675186208, "TILT": [-0.22569268941879272, 16.99980680391842], "LEFT_DIFFERENTIAL": [-0.22569268941879272, 16.99980680391842], "RIGHT_DIFFERENTIAL": [-0.22569268941879272, 16.99980680391842]}