{"tiltUpper": 8.206838167406653, "TILT": [0.0, 13.552268732778627], "LEFT_DIFFERENTIAL": [0.0, 13.552268732778627], "RIGHT_DIFFERENTIAL": [0.0, 13.552268732778627]}